id,title,group,review
90, The Eagle Has Landed, Book,4.708739447609116
1372, Che in Africa: Che Guevara's Congo Diary, Book,4.557368136877617
1382, The Darwin Awards II : Unnatural Selection, Book,4.1909195610604435
253, Celtic Glory, Music,3.948070044784263
671, Sublte Aromatherapy, Book,3.967436484601908
240, Clathrate Hydrates of Natural Gases (Chemical Industries), Book,4.119589453546528
1813, Rock & Roll Music to the World, Music,4.025728092469112
1197, Adult Health Case Studies, Book,4.044811268599947
1105," The Secret Teachings of All Ages : An Encyclopedic Outline of Masonic, Hermetic, Qabbalistic, and Rosicrucian Symbolical Philosophy", Book,4.076321116483687
2460, Music of the Oriental Jews from North Africa Yemen, Music,4.173208425524681
928, Cabin III: The Unlawful Assembly at Winding Ridge (Cabin), Book,4.408410946991271
1345," Chicken Soup for the Golfer's Soul: Stories of Insight, Inspiration and Laughter on the Links (Chicken Soup Series)", Book,4.175054940845403
1843," Facilitative Leader, The: Behaviors that Enable Success", Book,4.100679997219036
2637, Dog Food, Book,4.198401764752166
2000, Design Considerations of Time in Fuzzy Systems (APPLIED OPTIMIZATION Volume 35) (Applied Optimization), Book,4.03030856857092
657," Techno Trax, Vol. 1", Music,4.3104432314307
2652, Howling V: The Rebirth, Video,4.178812366554869
459, The Civil War Collection, Book,4.33581161365149
1837, Rodale's Book of Practical Formulas, Book,4.165910663030818
601, The Training and Hiring of Journalists: (Communication and Information Science), Book,4.082003524762602
423, The Drowned and the Saved, Book,4.100127373015656
2543, Blind Descent: : An Anna Pigeon Mystery (Anna Pigeon Mysteries (Paperback)), Book,2.1923833734141773
2539, Benchley's Best, Book,4.126113216237318
385," Garden Fun: Indoors & Out, in Pots & Small Spots (Quick Starts for Kids!)", Book,4.092374837455768
1373, Inimitables, Music,4.151793974162079
2294, CDMA Capacity and Quality Optimization (Telecom Engineering), Book,4.197647591288646
1348, Zen Seeds: Reflections of a Female Priest, Book,4.142710650521426
903, Appalachian Blues, Music,4.160148389817412
1920, We'll Soon Find Out, Music,4.20042203039387
1052," The Best of Operetta, Vol. 3", Music,3.956761517107598
2555, Bone Marrow Nei Kung: Taoist Ways to Improve Your Health by Rejuvenating Your Bone Marrow and Blood, Book,4.087578990370989
1872, Extreme Chan Action Pack (First Strike/Mr. Nice Guy/Rumble in the Truck/Rescue Vehicle), Video,4.184595127789894
2615, Got the Groove [Germany], Music,4.1762398983809454
2397, Becoming Intercultural : An Integrative Theory of Communication and Cross-Cultural Adaptation, Book,4.3284724756120205
2668, Subterranea: the Concert, Music,4.178812366554869
1555, Tolstoy: A Biography, Book,3.7653436606264314
1006, Waldorf Schools: Kindergarten to Early Years, Book,4.187923614433689
1807," Among the King's Soldiers (Spirit of Appalachia, 3)", Book,4.06494326586537
2109," ISO 9000 Documentation Toolkit: 1994 Revised ISO 9001 Standard, The (Bk/Disk)", Book,4.320060837160472
2155, Pooh's Basket of Surprises (Jellybean Books), Book,4.0937647015272525
1281, Ride, DVD,4.049535864655102
1408," Ptolemy's ""Almagest""", Book,4.012733943479905
2396, Hydropolitics in the Third World: Conflict and Cooperation in International River Basins, Book,4.285762077154377
1601, Integrated Learning for ERP Success: A Learning Requirements Planning Approach, Book,4.100350241095189
40, Renovations: A Father and Son Rebuild a House and Rediscover Each Other, Book,4.464785932273518
1452," Luftwaffe Vs. Raf: Flying Clothing of the Air War, 1939-45 (Schiffer Military/Aviation History)", Book,4.320462041040205
726, France, Video,4.438902803259882
1425," Workbook in Spanish First Year (2nd Ed., R 44 W)", Book,4.1983265299944925
2319, In the Time of the Butterflies, Book,4.353666879934881
1005, Second Helpings from Union Square Cafe: 160 New Recipes from New York's Favorite Restaurant, Book,4.187980049587313
2003, New Insights in Modern Astrology, Book,4.183260398704622
1108, Anthroposophy and Astrology : The Astronomical Letters of Elizabeth Vreede, Book,3.8962991853898394
2043," Michelin THE GREEN GUIDE New York-New Jersey-Pennsylvania, 2e", Book,4.199198057342105
1926, Abba's Child: The Cry of the Heart for Intimate Belonging, Book,4.013671338432264
761, Marilyn-Her Life in Her Own Words: Marilyn Monroe's Revealing Last Words and Photographs, Book,4.257134662614394
170, Lafayette, Book,10.150200803702134
677, Ben Hogan's Five Lessons : The Modern Fundamentals of Golf, Book,4.06832376395764
2386, The Price of Passion (Avon Romance), Book,4.0952430894991245
163, Messages to Our Family, Book,3.993723668458845
1045," The Best of Operetta, Vol. 2", Music,4.187000682764879
443, Faith and Justification (Studies in Dogmatics), Book,3.8542023244484973
1959, Living in Spanglish: The Search for Latino Identity in America, Book,3.9723266288718015
180, Barney: Sing and Dance with Barney, Video,4.198060132678311
429, Colour Meditations, Book,4.383831072267089
157, What about Spiritual Warfare?, Book,3.340324769718624
2378, Following God: Learning Life Principles from the New Testament Men of Faith (Following God Series), Book,4.534193061216033
1973, Transportation, Book,4.118575484313656
2020," The Minority Report and Other Classic Stories (Dick, Philip K. Short Stories.)", Book,4.126846896487709
1931, Applied Blood Group Serology, Book,3.959358827224296
14, Later..., Music,3.880454311859726
2004, Twinnings, Music,4.160494887147738
95," The Heavy Flak Guns, 1933-1945: 88Mm, 105Mm, 128Mm, 150Mm, and Ballistic Directional Equipment", Book,4.365772558153413
638, Songs Without Words, Music,3.7789461167207925
929," Beeswax: Production, Harvesting, Processing and Products", Book,4.396343373996704
119," Black Friday (Soul Survivor Series, Bk. 4)", Book,3.8539320519622073
1962, Five Days in July, Music,4.2906548534456626
2404, The Secret of Gumbo Grove, Book,4.199586009307641
36, Uists & Barra (Pevensey Island guides), Book,3.621710317139307
52, Secrets of Gypsy Love Magick (Llewellyn's New Age Series), Book,3.8619253405294707
4, Life Application Bible Commentary: 1 and 2 Timothy and Titus, Book,3.840815866168928
1884," Current Procedural Terminology: CPT 2001 (Standard Edition, Spiral-Bound Version)", Book,4.134327708814713
267, Unwinnable Wars: American Power and Ethnic Conflict, Book,4.0990962843326635
888, Bedlam, Music,4.097671821765946
705," Look Out, Jack! the Giant Is Back", Book,3.9977359608274448
1720, Rabbi Abraham Ibn Ezra: Studies in the Writings of a Twelfth-Century Jewish Polymath (Harvard Judaic Texts and Studies), Book,4.318054878241046
398, Cobra: Original Motion Picture Soundtrack (1986 Film), Music,4.061105830921836
2588, 7, Music,3.9938439203822647
384, Jewish History in 100 Nutshells, Book,4.093927366953583
551, Vince Lombardi Video Football Card, Video,4.111852611662275
746, Faith in the Face of Apostasy: The Gospel According to Elijah and Elisha (The Gospel According to the Old Testament), Book,3.4611428350285998
996, No One Can Hear You, DVD,4.124669927755608
1497, How to Finance a Growing Business: An Insider's Guide to Negotiating the Capital Markets, Book,4.210771168017718
2411, Every Eye Beholds You: A World Treasury of Prayer, Book,4.062486427458769
334, Getting Ready for Marriage Workbook : How to Really Get to Know the Person You're Going to Marry, Book,3.856105883749084
2353, Simulation and Chaotic Behavior of A-stable Stochastic Processes (Pure and Applied Mathematics (Marcel Dekker)), Book,4.1096567962595465
2165, Profiting from Emerging Market Stocks, Book,4.082958189945291
1013," An Introduction to Programming with Visual Basic.NET, Fifth Edition", Book,3.727450368985476
2367, Smart Business Solutions: Direct Marketing and Customer Management, Book,4.207964785126169
511," Verdi - Il Trovatore / Levine, Milnes, Marton, Pavarotti, Metropolitan Opera", DVD,3.7490988514995287
758, Washed Up and Through the Ringer, Music,3.8824902352943447
1965, Inner Speed Secrets Mental Strategies to Maximize Your Racing Performance: Strategies to Maximize Your Racing Performance, Book,4.089745137005057
1118, Where Is Thumbkin?, Music,3.2945709653038513
1081, Desperation, Book,3.95668015401478
1749, Rain of a Thousand Flames, Music,4.136753088451346
2104, Mimi's Tutu, Book,4.068746103638407
2593, The Irish Enchantress (Zebra Historical Romance S.), Book,3.9307353746768605
1133, Angola:  Promises and Lies, Book,4.201241986942851
1941, Incantations magiques syriaques., Book,3.9180253092210684
298, Tower for the Summer Heat, Book,4.156992421881544
1852, M. Hulot's Holiday - Criterion Collection, DVD,4.135589784976421
1793, Vivaldi - Gloria · Magnificat / Concerto Italiano · Rinaldo Alessandrini [+ Bonus CD · Catalogue 2000], Music,4.175007491938889
2012, The MAGIC YEARS, Book,4.19578010556555
2401," God's Diet : A Short and Simple Way to Eat Naturally, Lose Weight, and Live a Healthier Life", Book,4.199263020089948
2304, Looking for Cassandra Jane, Book,4.257476736873205
408, Christmas at Boots' Place, Music,4.155971065505614
2623, Time and Tide, Music,4.173597478377847
1, Patterns of Preaching: A Sermon Sampler, Book,3.6101956871749827
1038, Highly Available Storage for Windows Servers, Book,4.166838179245278
1877, Jim Church's Essential Guide to Composition : A Simplified Approach to Taking Better Underwater Pictures, Book,4.18139657267378
826, How Is Jesus Different from Other Religious Leaders? (Examine the Evidence), Book,4.412663758752419
1253, Why Be a Mediocre Christian, Book,4.265953714478687
1306, About a Boy (Movie Tie-In), Book,4.210106693816247
695, The Healing Labyrinth: Finding Your Path to Inner Peace, Book,4.166855133057457
451, Memories of Lafayette, Book,3.691341865560762
2541, Poets of the Great War, Book,4.199992228509505
1898, Coaching Ymca Champions Flag Football, Book,4.212598622772962
1142, The Lives of the Holy Prophets, Book,4.070564193749906
704, Thunder From the Clear Sky, Book,4.101516174097899
1037, The Last Temptation: A Novel, Book,4.14798851714804
1914, Random House Webster's Student Notebook Writers' Guide, Book,4.199362931772075
383, Live At Gilley's, Music,4.085012204218035
2423," Much Depends on Dinner: The Extraordinary History and Mythology, Allure and Obsessions, Perils and Taboos, of an Ordinary Meal", Book,4.12511619914827
1773," Continuous Quality Improvement in Health Care: Theory, Implementation, and Applications", Book,3.971719889125584
430, LabVIEW for Data Acquisition, Book,3.470892077379151
2263, War and Peace : BBC (BBC Radio Presents), Book,4.227342523601269
1632, Pocket Companion to Obstetrics: Normal & Problem Pregnancies, Book,4.04497389709346
2587, Love and Responsibility, Book,4.194563369071805
1516, Best of Albertina Walker, Music,4.293710100108033
790," The Machine at Work: Technology, Work, and Organization", Book,4.096349174665566
592, Buster's Diaries : The True Story of a Dog and His Man, Book,4.1286301113268316
1043," The Best of Operetta, Vol. 1", Music,4.160291831736888
228, Hollywood Agents & Managers Directory (Hollywood Representation Directory), Book,3.497437124851505
641, Perfect Fit, Music,4.203190832763969
2473, Flowermouth, Music,4.1284321230309935
1479, Corazones, Music,3.982937672510136
2672, Schubert: Solo Piano Works, Music,4.178812366554869
971, I Maccabees (Anchor Bible), Book,4.301281508136899
2089, Diabolis Interium, Music,4.416304652532435
1055," Haynes Chrysler LHS Concorde, 300M, Dodge Intrepid 1998-2001 Repair Manual", Book,4.349645358655639
2281, Differences Between Bible Versions, Book,4.23407194121231
1942, Understanding Children and Adolescents (4th Edition), Book,4.000653305048477
702, Just The Faq*s About The Bible, Book,4.321747403972186
1815, Advertising (Lucent Overview Series), Book,4.160672119151318
1676, Smiddyburn / Flittin, Music,3.8944268897162466
1669, The Ark, Book,4.175820783490483
2182, Romans in a New World: Classical Models in Sixteenth-Century Spanish America, Book,4.168357171682178
595, Masada, Music,4.090284561798601
1485, Ven Conmigo, Music,4.156642792231455
1672, The Evolution of Culture in Animals, Book,4.4218763115049775
2418, Papa Was a Boy in Gray, Book,4.030714302196348
763, Nana, Book,4.201255387797492
1570, Babylon 5: Walkabout (TV Series Episode), Music,3.8919563111302615
184, Physicians of the Soul: The Psychologies of the World's Greatest Spiritual Leaders, Book,3.950248724732976
1644, The Shaping of a Life : A Spiritual Landscape, Book,3.8557598007011826
2522, Base Ten Activities (30110), Book,4.10437862231365
1875, Motherlove (Sharing Nature With Children Book), Book,3.674864445091405
817, Moses Goes to A Concert, Book,4.074909867790186
1913, The Champion, Book,4.199498657873082
935, Down Ass Chick/Smokin' and Ridin', Music,4.090516936185768
1092, She, Music,4.340979901943488
2556," Specters of Marx: The State of the Debt, the Work of Mourning, and the New International", Book,4.055872354824064
2497, Ithanalin's Restoration (Ethshar), Book,4.3286448097342465
578, By the Light of the Moon, Book,4.087800292744451
1591, Charlie Chan - The Chinese Cat, Video,4.329342322147713
2002, Heavenly Answers to Earthly Questions: Simple Lessons for a Life Worth Living, Book,4.188317755815692
2456, Paintball! : Strategies & Tactics, Book,4.1800871357509415
1927," Periodicity and the S- And P-Block Elements (Oxford Chemistry Primers, 51)", Book,4.169549373944026
1162, Relationship Pain: Why We Get Hurt and What to Do About It, Book,4.159010703609827
2600, I Will Be Here, Book,4.086732572926881
2312, Ready-to-Use Trades and Services Silhouettes (Clip Art), Book,4.180245509184406
759, Tiger Man, Music,3.4023840357196242
1447, How to Make Love Six Nights a Week, Book,4.231296513624816
2207," Business Law: Ethical, International and E-Commerce Environment (4th Edition)", Book,3.6674495237249722
2166," Mama, Do You Love Me?", Book,4.173479868714626
1908, Strauss:The Magic of Vienna, DVD,4.1620933415861465
989, Oh What a Lovely War (Methuen Modern Play), Book,4.091253232939184
1135, Copycat Marketing 101: How to Copycat Your Way to Wealth, Book,4.385271328832719
2023, Powerboating: A Woman's Guide, Book,4.0969861569731485
1397, Restless Breed, Music,4.0109966453256085
1126, Hands, Music,4.201375975135793
1492, DK Nature Encyclopedia, Book,4.229032527096965
1784, End of Time: A Meditation on the Philosophy of History, Book,2.8343544317373564
615, Testifyin'!: Live at the Village Vanguard, Music,3.830007120204872
1868, Detour : My Bipolar Road Trip in 4-D, Book,4.247292727866611
338, The Crossbow Murder, Book,4.067929104427126
1792, Bienvenido a Casa, Music,4.094446888826074
1187, It All Begins with a Date: Jewish Concerns about Intermarriage : Jewish Concerns about Intermarriage, Book,4.058259470583469
684," Path of Daggers (The Wheel of Time, 8)", Book,4.122845392643828
686, Soundstage: The Andy Kaufman Show, DVD,1.699118664325514
2413, Catherine McAuley and the Tradition of Mercy, Book,4.181267957189764
1788," Before the Wilderness: Environmental Management by Native Californians (Ballena Press Anthropological Papers, No. 40)", Book,3.6081518335247758
1157, Subterranean Jungle, Music,4.197444792337624
2005, Life Out of Death: The Feminine Spirit in El Salvador, Book,4.151006748988639
1096, Walkabout (1971 Film), Music,4.1683132200459205
2626," White Light, Third Edition", Book,4.094128057010185
1049, Devil Hunter Yohko Collection 1, DVD,3.895399755727258
2402, The Seasons of a Woman's Life, Book,4.199638877664402
2117, Electronic Warfare in the Information Age, Book,4.219409299563527
2244, Bagpipes & Brass, Music,4.274198618848946
1718, Hungry, Music,4.179873639980347
1798, Ultimate Sticker Book : Animal (The Ultimate Sticker Book), Book,3.9069332473667693
1511, The Boss, Music,4.055883737953113
1583, The Yes Album [Bonus Tracks], Music,4.0368239490568705
378, Time and the Verb: A Guide to Tense and Aspect, Book,2.98543239084589
1683, Weird Al Yankovic - Live, DVD,4.0540666512078225
140, Power & Greed: A Short History of the World, Book,4.494857160245065
24," The Casebook of Sherlock Holmes, Volume 2 (Casebook of Sherlock Holmes)", Book,4.150308442916401
1002, Family Nurse Practitioner: Certification Review (Family Nurse Practitioner Certification Review), Book,4.23941534838335
2058, McNally's Alibi: An Archy McNally Novel (Archy McNally Novels), Book,4.0277531441258
1379, Alif Baa: Introduction to Arabic Letters and Sounds, Book,4.180556569976805
2669," In Focus Guatemala: A Guide to the People, Politics and Culture", Book,4.178812366554869
2065, The Tightwad Gazette III: Promoting Thrift as a Viable Alternative Lifestyle, Book,4.197649707646438
404, Charm School, Book,4.471198959224896
963, Convergent Architecture: Building Model Driven J2EE Systems with UML, Book,4.318698384305353
1473, The Camphor Flame, Book,4.1370555815763375
453, Made in Japan, Music,3.9149252486632555
1680," Experiences in Movement with Music, Activities, and Theory", Book,4.172748697862435
335, Beyond the Twin Deficits: A Trade Strategy for the 1990s, Book,3.4977194224198094
1853, Kipper's Sunny Day: [Lift the Flap], Book,4.416182044444245
1432, The Triathlete's Training Diary for Dummies, Book,4.322757150917173
1674, Best of: Original Hits V.2, Music,3.961109616122517
1085," Working Beneath the Surface: Attending to the Soul's ""Hidden Agenda"" for Wholeness, Fulfillment, and Deep Spiritual Healing", Book,4.419785829103464
2552," The Everything Ghost Book: Spooky Stories of Haunted Houses, Phantom Spirits, Unexplained Mysteries, and More (Everything Series)", Book,3.9521918865621934
894, The Abacus : The World's First Computer System (Includes a Working Abacus), Book,4.272476428918001
1580, Tiny Bites: A Guide to Gastric Surgery for the Morbidly Obese, Book,4.213648758633244
1237," The Elephant in the Dark : Christianity, Islam and the Sufis", Book,4.138839112435992
1833, Danish: An Essential Grammar (Routledge Grammars), Book,4.148065332152019
363, Danzig III: How the Gods Kill, Music,4.575712297704943
2647," Being America : Liberty, Commerce, and Violence in an American World", Book,4.111880662421843
1615, Dragon Ball Z - Babidi - Rivals, DVD,4.233427342109312
227, Lush Mechanique, Music,4.213196394011195
303, The Vision, Book,3.5971050574348205
110, Casanova in Bohemia : A Novel, Book,4.067945350021805
807, Lacan and Language: A Reader's Guide to Ecrits, Book,4.139409666585866
1168, Blade Runner: Orchestral Adaptation Of Music Composed For The Motion Picture By Vangelis, Music,4.131894478991203
2572, Death of the Church, Book,4.088328093567245
2606," New Testament Apocrypha, Gospels and Related Writings", Book,4.1278449376069695
1642, A Hint of Heather (Seduction Romance), Book,4.116238105890293
1937, Final Blackout, Book,4.300518580926823
2629, Chinese Houses and Gardens, Book,4.102112145628244
1199, Sunlight On The Lawn (Beverley Nichols Trilogy Book 3), Book,4.562658018821512
288, Unnatural Causes, Book,3.930069845172145
1061, Producing Vegetable Crops (5th Edition), Book,4.166365584506284
2114, Voices of the Doumbek, Video,4.253243831075597
472, Teachers' Messages for Report Cards: English-Spanish Edition, Book,4.11844928647864
2235, Second Exodus, Book,4.200805545863236
886, Decorative Mini Murals You Can Paint, Book,3.9911351816606704
1255," Now, Pt. 1", Music,2.2816788864753086
2196, Lethal Weapon 3, DVD,4.070784979852679
2038, Fletch, DVD,3.949718777659289
42, Pixote, DVD,4.464785932273518
2033, Netsuke: Fantasy and Reality in Japanese Miniature Sculpture, Book,3.9975667823758023
766, Essex Boys, Video,3.90860724967013
284, Brazil, Book,3.810678303603485
930, Verdun, Music,4.435986516204057
1781, I Am Water (soy El Agua) Level 1 (Hello Reader), Book,3.709500735455581
1354, Bruce Lee's Fighting Method, Video,4.557137097630662
1082, Mulch Ado About Nothing : A Jane Jeffry Mystery (Jane Jeffry Mysteries (Paperback)), Book,3.8654948772090485
1856, The Scarlet Empress - Criterion Collection, DVD,4.158402129934675
1598, Greatest Hits, Music,4.025528120107683
698, On Becoming a Novelist, Book,4.113914539550681
1602, Buzz & Flutter's Big Electronic Game Book : Big Electronic Game Books (Readers Digest Young Families), Book,3.775099328506176
2158, Julian's Cell: The Earthy Story of Julian of Norwich, Book,4.077568603353345
2455, Second Hand Smoke, Book,4.181567535385884
1808," Currency Derivatives : Pricing Theory, Exotic Options, and Hedging Applications (Wiley Series in Financial Engineering)", Book,4.130991443140406
559, The Archaeology of Ancient Israel, Book,3.894893790555674
1971, Quest: The Ultimate Sourcebook for Next to Nothing Adventure Travel, Book,4.165605191568861
2384," Women, Family and Society in Medieval Europe: Historical Essays, 1978-1991", Book,4.0769012466231835
2636," Chrismons, They Point to Jesus", Book,4.12537722810308
290," The Best of Famous Monsters of Filmland, Vol. #1", Book,3.366288467730289
1810, Laura's Album: A Remembrance Scrapbook of Laura Ingalls Wilder, Book,4.069822975639486
2508, Encounters in Ethnomusicology: A Memoir (Detroit Monographs in Musicology), Book,3.959085616362845
2453, Wisconsin, Book,4.163407027525441
21, The Time Machine, DVD,4.035222616902836
362, What's Your Name, Music,4.272106789549898
2407, Code Of Silence : The Andre Coppage Story, Book,4.199601311101933
690, The MAN WHO ONCE WAS WHIZZER WHITE : A PORTRAIT OF JUSTICE BYRON R WHITE, Book,4.174401676903219
1433, Robin and Lucienne Day: Pioneers of Modern Design, Book,4.184657049656298
1659, Fundamentals of Engineering Thermodynamics Appendices, Book,4.09196811149943
158, John Wayne 2 Pack (The Man from Utah / The Star Packer / Sagebrush Trail / Riders of Destiny), DVD,5.977898756308035
321, What Happens After I Die?: Jewish Views of Life After Death, Book,4.038033997488274
167, Total Immersion, Book,4.351325496228842
732," Education for Values: Morals, Ethics and Citizenship in Contemporary Teaching", Book,4.162221894008869
371, Application of Chaos Theory to Psychological Models, Book,3.521800318750511
1947, A New Vision for Israel: The Teachings of Jesus in National Context (Studying the Historical Jesus), Book,3.9010587941205337
2099, Chemistry for Dummies, Book,4.223693048245796
1018, Ruder Than You: Best of British Ska, Music,4.355751683789695
1831, Hanging On to Max, Book,3.900065254633578
952, The Rules of Silence, Book,4.428537914760543
2284," Traetta - Antigona / Bayo, Panzarella, Allemano, Polverelli, Ragon, Les talens lyriques, Rousset", Music,4.301202542885822
769, The Yellow Room, Music,4.071645402135378
1074, Scherzos (Music Scores), Book,4.085435416663163
9, Making Bread: The Taste of Traditional Home-Baking, Book,0.5563997393669845
509, Flavors of St. Augustine: An Historic Cookbook, Book,4.115876897113967
300, Kaleidoscope (Doodle Art Super Tubes), Book,3.402637323190138
1023, Grayson's Diseases of the Cornea, Book,4.265288877764451
883, Dixie Carter's Unworkout, Video,4.532739017298727
1022, Bringing in a New Era in Character Education, Book,4.11192480250671
2631, X Raisons, Music,4.092596371948876
727, Teresa of Avila : The Progress of a Soul, Book,4.1401608190924755
261, The Harvard Design School Guide to Shopping / Harvard Design School Project on the City 2, Book,4.164957685595173
1860, Fieras Lunaticas, Music,4.1764953150064095
156, Parrot Heads in Paradise, Video,3.5361447170453353
603, Everyones Sleepy, Book,4.076870271735093
2145, Duino Elegies : A Bilingual Edition, Book,4.264651298218755
35, Burnt Toast on Davenport Street, Book,4.789255698702558
1895, Beauty and the Beast Stickers (Dover Little Activity Books), Book,3.9105005312685854
179, Africa Screams/Jack & The Bean, DVD,4.189428340916184
1564, Thug Disease [Lovin' Paper Music], Music,4.172522711845918
1996," Dragon Ball, Vol. 10", Book,4.556338220435496
741, Chicken Soup for the Teenage Soul Journal (Chicken Soup for the Soul), Book,3.898536782670849
2236, Plains, Music,4.200805545863236
890, Tab in the Ocean, Music,4.159450156955277
2175, Coldheart Canyon: A Hollywood Ghost Story, Book,3.931560097724887
2379, Bruce Chatwin : A Biography, Book,3.1785777919626845
596, American Patriot, Music,4.090284561798601
1574, A Playdate With Death (Mommy-Track Mysteries (Hardcover)), Book,4.408258500367456
2063, Gunfight at the O.K. Corral, Book,4.197649707646438
2618, Surprise!, Book,4.132562346896837
1494, The Signed English Starter (The Signed English Series), Book,3.8481763324557825
1621, I Love Lucy - Season One (Vol. 4), DVD,4.282128053556594
502, Musicology and Difference: Gender and Sexuality in Music Scholarship, Book,2.938810106780384
588, Southern Slavery: As It Was, Book,4.151351635040246
1359," Specter of the Past (Star Wars: The Hand of Thrawn, Book One)", Book,4.005883592537462
2462, The Practical Gardener's Encyclopedia, Book,4.408169770733966
865, My Wife Doesn't Cook (A Survival Guide For Men), Book,4.4024122052524355
2347, King's Christmas Collection, Music,4.333509657928207
6, How the Other Half Lives: Studies Among the Tenements of New York, Book,4.112091241284464
2132, Art for Dummies, Book,4.090636696171064
545, The Helix Factor II : The Implementer's Edition, Book,3.6512461468221638
1772," Looking Out, Looking In", Book,3.971719889125584
1754," Boarders Away, Volume II: Firearms of the Age of Fighting Sail", Book,3.487397723061097
2650, The Calling: Celebrating Sarah Vaughan, Music,4.178812366554869
1257, The Sinatra Files : The Secret FBI Dossier, Book,4.088242090347112
1910," The Complete Illustrated Guide to Woodworking - Three Volume Set: The Complete Illustrated Guide to Shaping Wood, The Complete Illustrated Guide to Furniture and Cabinet Construction, and The Complete Illustrated Guide to Joinery", Book,4.2794178327228884
1091, Human Measure: Social Thought in the Western Legal Tradition, Book,4.236057976364723
941," Will I [US CD/12""]", Music,3.1036830146165677
73, The Perfect Plan (7th Heaven), Book,3.728218781312737
663, Los Angeles Wedding Planner, Book,4.142028273353308
2007, Heart of Darkness: With the Congo Diary (Penguin Classics), Book,4.165083762402137
194, Viva La Monkeysuit, Book,4.2555557343837656
2232, Steve Wariner, Music,4.199052655332398
465, Awake and Breathe, Music,4.078941806554528
887," Pak Proxy War: A Story of ISI, bin Laden and Kargil", Book,4.097635974888735
421, Japanese Designs (Dover Pictorial Archive Series), Book,2.9323682372730993
1069, Best of Shari Lewis' Lamb Chop & Friends, Video,4.334787650451549
1357, David's Story: A Book About Surgery (Meeting the Challenge), Book,4.098431243186983
1462, Best Easy Day Hikes Grand Teton, Book,4.187718167485659
2320, Making Music with Your Computer 2E, Book,4.090857029422896
1370, Architects' Data, Book,4.144874502501612
2094, Madonna (Pop Culture Legends), Book,3.9380661540266466
832, Magick Stamp Kit, Book,4.175092775957783
610, Calli's Outlaw, Book,4.224637410282785
2433, Gourmet Paris 2002, Book,4.14069282139511
1594, Lorenzo 1997: L'Albero, Music,4.123206316069432
854, The Fearless Executive, Book,4.238262222281239
64, A Charlie Brown Christmas, Book,3.512938631072192
659," Identity, Vol. 2", Music,4.093071384635923
1189, Eye Spy Colors (Peephole Books) (Peephole Books (Charlesbridge)), Book,4.37751136045873
1821, Hemingway's Quarrel With Androgyny, Book,4.421969937564004
1799, Ipsis Quest, Music,4.095752983946031
352, Motown Party, Music,4.045929050804634
1608, Rag & Bone Buffet, Music,4.165486175866963
51, Out on the Edge: A Wake-Up Call for Church Leaders on the Edge of the Media Reformation, Book,3.8991562526512986
1657, Two Tenors & Qantara: Historic Live Recording of Arabic Masters, Music,4.232895863856502
2261, Biblia Del Diario Vivir, Book,4.1087206552036015
1244," ""The Times"" Book of Quotations", Book,4.223323172693572
2544, Rich Man's Coffin, Book,2.117739605536176
2332, Hula Workout for Weight Loss, Video,4.299955109196194
1362, An Italian in America, Book,4.2792918450190065
1109, Introducing Camus (Introducing...(Totem)), Book,4.1845041399062985
1129, Rick Springfield - Greatest Hits...Alive, Music,4.195170414973038
1729, Cahiers de Droit Fiscal International:Form and Substance in Tax Law (Cahiers De Droit Fiscal International), Book,3.996802472781585
1735, Tornadoes, Book,4.1932345403772935
885, Insights of Genius: Imagery and Creativity in Science and Art, Book,4.023610081642804
576, Society: The Basics, Book,4.181716931482956
897, Recycled, Music,4.217519618625634
1185, One Sleepy Baby (Growing Tree), Book,4.260383661584033
244, Phonics Pathways, Book,4.387513506767764
1032, German Medieval Armies 1000-1300 (Men-at-Arms Series), Book,4.115474655135845
1499, Creative Dance for All Ages: A Conceptual Approach, Book,4.119417808266721
293, Riddle, Music,3.933646549205495
2457, The Devil's Lane: Sex and Race in the Early South, Book,4.07165728332237
2598, Pulsed Neural Networks (Bradford Books), Book,4.019095374489186
1984, Advanced Microprocessors, Book,4.075777315531841
1630, Fear No Evil (St. Martin's True Crime Library), Book,4.130453333510022
1302, MWSS : Object-Oriented Design in Java (Mitchell Waite Signature Series), Book,4.132402115138266
1136," You Are That! Satsang With Gangaji, Volume 2 (You Are That!)", Book,4.3005160098916555
67, Picture Me With My Friend Jesus: Girl Version (Picture Me), Book,3.871441953989521
1267, Back Stage, DVD,4.1390235227623045
905, Yudo: Korean Judo, Video,3.5535699602780007
172, Cherokee Bat and the Goat Guys (Weetzie Bat), Book,3.936402662267401
2291, Let's Wiggle, Music,4.145741208398849
391," The Gospel of Peace, According to Guru Granth Sahib", Book,4.225313084306922
1060, Future of the Disabled in Liberal Society: An Ethical Analysis (Revisions), Book,4.163653042669953
1901," Verdi - Otello / Domingo, Studer, Leiferkus, Vargas, D. Graves, Schade, D'Arcangelo, Chung", Music,4.124742708366657
1879, Deadbeat at Dawn (Special Edition), DVD,4.18139657267378
1907, Great Works For Harp, Music,4.1816071044552565
532, Evangelism And Missions, Book,4.098555986430288
2338, Pete Moulton's A+ Training Course: A Digital Seminar on CD-ROM (2nd Edition), Book,4.5377037899658355
2072, 15 Grandes Exitos de Nicola Di Bari en Espanol, Music,4.153006429568652
1530, Punktown, Book,4.2374097685953735
92, Black No More : A Novel (Modern Library (Paperback)), Book,3.9602609691048407
986, Little Miss Dynamite [Bear Family], Music,4.186890512149919
101, Separation Of Power, Book,4.154270162930548
318, Take Me Out to the Ballpark: A Baseball Watcher's Guide to the Game, Book,4.019531697430697
2521, Easter Crack-Ups: Knock-Knock Jokes Funny-Side Up (Lift-the-Flap Knock-Knock Book), Book,4.10163281493843
1496, Live for Now, Music,4.222388335912374
1935, celtic groove brand, Music,4.201402180134696
740, The Long Life Cookbook : Delectable Recipes for Two (Long Life Book), Book,4.210758069711378
939, Titanic, Video,3.350710572708895
313, Diversity: The Invention of A Concept, Book,4.204408505908962
2517, Sound of a Miracle: A Childs Triumph over Autism, Book,4.1088232362335795
1946," Chojun Miyagi Goju Ryu Karate Do Body, Mind & Spirit", DVD,3.9785338014366154
1236, The Failure of Presidential Democracy : The Case of Latin America (Failure of Presidential Democracy), Book,4.157848271956343
2199, Nato's Air War for Kosovo: A Strategic and Operational Assessment (Project Air Force Series on Operation Allied Force), Book,4.194960611881843
2432," The Church We Believe in: One, Holy, Catholic, and Apostolic", Book,4.378708985813692
614," Building Machines (Pamphlet Architecture, No 12)", Book,4.283968443376555
1167, Timeless Sound, Music,4.16361395489017
896, An Intellectual History of Psychology, Book,4.289351885215442
1893, Dvorak: Symphonies Nos. 7-9; Smetana: The Moldau, Music,4.1661602677844805
1770, Amethyst Rock Star, Music,4.175168220948681
367, Fresh Meat, Music,3.5984508299000915
1599, The Compact History of the Catholic Church, Book,4.158671219112055
1296, Mosaics: Design Sourcebook (Design Sourcebooks), Book,4.019846460553911
2352, How Democracy Will Elect the Antichrist, Book,3.440269291724949
2448, Financial Success : Harnessing the Power of Creative Thought, Book,4.18774938900933
136," Understanding Islam: An Introduction to the Muslim World, Third Revised and Updated Edition", Book,4.1857371023990915
2613, Classics for a Sunday Morning, Music,4.267918753148283
2414, The Legend of Freedom Hill, Book,4.18126944781088
2056, Body and Soul [Bonus Tracks], Music,4.152108788037513
626, Real-World Readings in Art Education: Things Your Professor Never Told You (Garland Reference Library of Social Science), Book,3.9414371188235897
611, Berlitz China (Berlitz Pocket Guides), Book,4.256214250056619
178, They Walked With Jesus: Past Life Experience With Christ, Book,4.181727577364914
1062, Car Insurance Secrets, Book,4.288865544537462
1800, Light House, Book,3.8936255673874918
1171, Eighty Great Natural Shade Garden Plants (Ken Druse's Natural Garden Guides), Book,4.091172013762364
750, Emotions and Fieldwork (Qualitative Research Methods), Book,4.091670565371405
27, The Columbia Anthology of Gay Literature, Book,3.9503568968598337
640, New Haven Negroes: A Social History, Book,4.053438965006453
948, Impurity, Music,4.31405485321287
1541, From Inquiry to Argument, Book,4.128155644569379
703, Semiconductor Sensors, Book,4.085323818849336
49, Murder She Wrote, Music,4.126959056830319
1824, Modern Psychotherapies: A Comprehensive Christian Appraisal, Book,4.540808160894731
2568," Choose Florida For Retirement, 2nd Edition (Choose retirement)", Book,3.922218975994131
819, Stalker, DVD,4.531117404812083
2083, The Sandor Ferenczi-Georg Groddeck Correspondence 1921-1933, Book,4.169526329069672
968, J.M.W. Turner, Book,3.9220744067660327
1675, Tex Mex 101, Book,3.9117186897698595
2092, All About Love/Magnificent Obsession, Music,4.387660000936339
84, The Best of Schoolhouse Rock! - 30th Anniversary Edition, Video,4.548398092375956
2049, Tango Magic, Video,4.180533409976224
1351, Serie 2 Em 1 V.1, Music,4.400193026869633
419, Your Cosmic Kids: Using Astrology to Understand Your Children, Book,4.096786013328629
2017, The Very Best of Sting and the Police, Book,4.103971124996324
1565, Billy Joel - The Essential Video Collection, DVD,4.172734351340271
700, On Ethics and Economics, Book,4.1133606959974465
474, A Simple Path, Book,4.223281304972634
1986, Turnagain Ptarmigan! Where Did You Go?, Book,3.894751006850104
1212, Classics in Group Psychotherapy, Book,4.109617651679205
1465, Life Without Guilt: Healing Through Past Life Regression, Book,4.1111111466524655
2, Candlemas: Feast of Flames, Book,4.011218109967988
2395, Lady for a Night, Video,4.285762077154377
8, Losing Matt Shepard, Book,2.455791050179702
1119, Cars Trucks & Trains, Music,4.316326619880929
835, Gospel in Esther, Book,4.132886925542412
1186, Uniting Church and Home Conference Album, Book,3.8936551368084373
1597, Rhythm of the Ocean, Music,4.1251981454275075
406, The Taoist Experience: An Anthology (S U N Y Series in Chinese Philosophy and Culture), Book,4.064580892605623
392, Elementary Number Theory (Student's Solution Manual), Book,4.004623596853808
2547, The Art of Spiritual Guidance, Book,2.6535564846896342
343, Term Sheets & Valuations - A Line by Line Look at the Intricacies of Venture Capital Term Sheets & Valuations (Bigwig Briefs), Book,4.263403912166471
72, Power of Flowers: An Archetypal Journey Through Nature, Book,3.097534611403635
541, Forgetting Whose We Are: Alzheimer's Disease and the Love of God, Book,3.907524710787502
448, Making Change Happen : Practical Planning for School Leaders, Book,3.9968781137628504
1254, Invisible Harmony: Essays on Contemplation and Responsibility, Book,4.093424716697289
2197, MCSA/MCSE 2000: Windows 2000 Professional (70-210) PASS-IT Exam Preparation, Book,4.452314994783283
2098, Oxford Dictionary of English Etymology, Book,4.219654235373614
1202, The Martian Chronicles, Book,4.156395017358282
2247, Fibonacci's Liber Abaci, Book,4.244642507277863
1890, Breath from Another, Music,4.031382405012014
924, Witness: Systematic Theology (Systematic Theology (Abingdon)), Book,4.123520798729064
2537, Raising Kids to Love Jesus: A Biblical Guide for Parents, Book,4.175150472689129
129, Cpt 2003: Current Procedural Terminology (Cpt / Current Procedural Terminology (Standard Edition)), Book,3.736903213089395
1491, Cujo, DVD,4.0621995375310895
2429, Advanced Financial Accounting, Book,4.197758926043694
483, Stardust, Music,3.9851073637056267
2640, The Interfacers, Book,4.401734958710822
1421, Human Personality and Its Survival of Bodily Death (Studies in Consciousness), Book,4.063990878787909
1110, The Amethyst Heart, Book,3.549014413964901
115, Growing Millionaire Kids, Book,3.741869179410319
975, Secret Service Agent/Uniformed (Passbooks for Career Opportunities), Book,4.191171651375587
2254, Wars of Watergate: The Last Crisis of Richard Nixon, Book,4.400226082130448
631, The Essential Baking Cookbook (The Essential Series), Book,3.885913470835167
2271, Breakthrough, Book,4.2581166960878
977, Architecture for Education: New School Designs from the Chicago Competition, Book,4.117971734717887
2177, Dog Training in 10 Minutes (Howell Reference Books), Book,4.20301975066187
1004, The Best of Keola and Kapono Beamer, Music,4.177215671472172
1346, A Country Doctor (Bantam Classic), Book,4.086376487317043
836, Serpieri the Sweet Smell of Woman, Book,4.139567110148537
2134, Tennis: Olympic Handbook of Sports Medicine, Book,4.1991956614064385
1738, KJV Large Print Text Edition Hardback (Authorized King James Version), Book,4.173056900743777
1374, Darkness Descends, Music,4.537275778188221
2241, How to Prepare for the Advanced Placement Exam Physics B (Barron's How to Prepare for the Advanced Placement Examination. Physics B), Book,3.951932213561836
1573, Fragile [Bonus Tracks], Music,4.124550798105961
678, Policy on Geometric Design of Highways and Streets 2001, Book,3.898877109349801
689, Labour and Locality: Uneven Development and the Rural Labour Process (Critical Perspectives on Rural Change Series IV), Book,4.1273204131743775
810," Ev'Ry Time I Feel the Spirit: 101 Best-Loved Psalms, Gospel Hymns, and Spiritual Songs of the African-American Church", Book,2.8381036659315306
987, PCMCIA Software Developer's Handbook, Book,3.8946789385096032
1246," Uses of the Other: ""The East"" in European Identity Formation (Borderlines)", Book,4.113312552839464
1934, New Millennium Hip-Hop Party, Music,4.31160281302019
602, Countdown to Extinction, Music,4.1187606936245835
1956, GRE Prep Course (with Software), Book,4.020703268871987
424, Andrea Palladio 1508-1580: Architect Between the Renaissance and Baroque (Big Series), Book,4.1709334424665805
108, General Ophthalmology, Book,4.384165188998029
282, Son of the Mob (Son of the Mob (Hardcover)), Book,3.714442093435114
2217, Dear God: Prayers for Families With Children, Book,4.204170804212513
411, Rachel's Song, Music,4.173564219240607
676, In The Big Band Mood, Music,4.10731347233062
1330, Is He Gay? : For Every Woman Who's Met the Ideal Man and is Wondering...Why Hasn't he Tried to Kiss Me?, Book,4.161298042181816
2062, He Reigns/Thrive, Music,3.8644849748771186
1321, Christmas Cats and Dogs: Quilts to Celebrate the Season (That Patchwork Place), Book,4.469804002334659
1961, Down Time: Great Writers on Diving, Book,3.3741206654495137
1377, Irrationality: Why We Don't Think Straight!, Book,4.168996648946095
2535, The Glass Menagerie CD, Book,4.0711686519486285
873, Justinian's Institutes: A Parallel Text and Transaltion, Book,4.142347833840947
2421, Killing Blow:  Errand of Vengeance Book Two (Star Trek The Original Series), Book,4.118079521767616
909, Bridges of Song-Music of the Spanish Jews of Morocco, Music,4.233360703903632
360, Danzig II: Lucifuge, Music,4.10275211254103
1194," Monteverdi - L'Incoronazione di Poppea / Jacobs, Concerto Koln", DVD,4.127788989438816
2645, Robert Oppenheimer: Letters and Recollections (Stanford Nuclear Age Series), Book,4.120681505201365
2579," Twisters! (Step-Into-Reading, Step 3)", Book,4.105824217019549
1277, Intimate Loving: Seduction For Lovers, Video,4.317497469132011
1999, Bullets Over Broadway: Music From The Motion Picture, Music,3.4788191769639845
2601, Toujours moi, Music,3.97310897410458
1467, Food Combining Cookbook, Book,4.166776606206131
707, Woodlands in Cross Stitch (Cross Stitch Ser), Book,4.091472183337746
1628, Top-Down Network Design, Book,4.199596019131295
242, Wire Fox Terrier: A Complete and Reliable Handbook (Rx-100), Book,4.3206170251994855
617," So, Who Do You Think You Are?: Face Your Wounds, Heal Them, and Change Your Life", Book,4.473121675001696
667, Atlas of Approaches for General Surgery of the Dog and Cat, Book,4.094078842686972
1655," Latin Oldies, Vol. 4", Music,4.037863657742069
2325, The Consultant's Big Book of Organization Development Tools : 50 Reproducible Intervention Tools to Help Solve Your Clients' Problems, Book,4.183742403770939
627, Prophecies of the Bible, Book,4.19564842228468
1595, The Disciplined Online Investor, Book,4.083101370177278
420," Doomed Planet (Mission Earth, Vol 10)", Book,4.081101393370236
2234, After Dark, Book,4.038881093490804
317, Roadside (2001 Off-Broadway Cast), Music,3.890196574543584
2009, Crippled Giant: Nigeria Since Independence, Book,4.117641016053799
2374, Oppenheim Toy Portfolio Baby & Toddler Play Book (Second Edition) (Oppenheim Toy Portfolio Baby & Toddler Play Book), Book,4.28022252838824
345, Corrections in America: An Introduction (9th Edition), Book,4.09711967527986
1319, Diana Ross [1970] [Bonus Tracks], Music,4.534379921583341
301," Slowing Down to the Speed of Life: How To Create A More Peaceful, Simpler Life From the Inside Out", Book,3.572266023276402
1992, Joni Mitchell: Painting with Words and Music, Video,4.008833638556414
1900, The Boy in the Burning House, Book,4.411450717613693
1554," Lake Street, U.S.A.", Book,4.233651829923506
1881," Bad Girl's Three-Book Set: Bad Girl's Guide to the Open Road, Bad Girl's Guide to Getting What You Want, Bad Girl's Guide to the Party Life", Book,4.002103575865622
1653, Graveyard Shift, DVD,4.135758290536305
911, Care of the Soul: A Guide for Cultivating Depth and Sacredness in Everyday Life, Book,4.198808417340988
1618, Dead Heart, Video,4.282128053556594
1273, Earth Wind & Fire - Live, DVD,3.851572690070075
2532, Atlas Shrugged, Book,4.284895190466475
422, Mercedes (2-Volumes in 1 Book), Book,3.68945079919526
2307, The Epistles to the Thessalonians: A Commentary on the Greek Text (New International Greek Testament Commentary), Book,4.1589836950022665
1514, Design Modeling with Pro/ENGINEER (Release 2001), Book,4.130977596316516
2611, Study of History (Study of History), Book,4.140739838681302
857," Radio Science Observing, Vol. 2", Book,3.952604233861141
1279, Biology: Principles and Explorations, Book,4.043437397431237
50, Still Life, Music,4.371239671355635
1228," Custer, Black Kettle, and the Fight on the Washita", Book,4.193049598235721
60," Renaissance Music: Music in Western Europe, 1400-1600 (Norton Introduction to Music History)", Book,3.6197739191560494
645," Chinese Country Antiques: Vernacular Furniture and Accessories, C. 1780-1920", Book,4.165370026413743
1535, Verdi - Stiffelio / Carreras · Sass · Manuguerra · Ganzarolli · ORF Symphony Orchestra and Chorus Vienna · Gardelli, Music,4.1654840384729575
1629, A Handbook of World Trade, Book,4.2861226909340395
1311, Beyond Prozac : Antidotes for Modern Times, Book,4.189078365416979
1864, A Traveller's History of Australia (The Traveller's History Series), Book,4.298816303437807
2116, Powerplay (NC-17), Video,4.2072233046751855
2592, The Letter of James (Pillar New Testament Commentary), Book,4.34214953786503
754, The Five Heartbeats, Video,4.163302977027431
229, Bob Newhart - Button Down Concert - Off the Record, Video,3.1804889144495156
1983," WTO Disputes: Anti-Dumping, Subsidies & Safeguards", Book,4.1534707059139215
1139, Believing in Jesus: A Popular Overview of the Catholic Faith, Book,4.135801299612101
1415, Christmas at the Pops [RCA], Music,4.091020926630481
493, Procedures for Primary Care Providers, Book,4.323039784044145
1243," Japanese Schooling: Patterns of Socialization, Equality, and Political Control", Book,4.1800665598920865
2333, Committed, Music,4.195146313821315
1095, The Golden Chance, Book,3.869566671992377
2447, Victorian Dwellings for Village and Country (1885) (Dover Books on Architecture), Book,3.9643913183241786
605, Dark Specter (Vintage Crime/Black Lizard), Book,4.138136101993414
1323, Twice Pardoned, Book,4.062419181059145
2608, Christmas in Morning After: Celebration in Brass, Music,4.474112101786577
2057, Java Connector Architecture: Building Enterprise Adaptors, Book,4.292474223698978
1658, Brands in the Balance: Meeting the Challenges to Commercial Identity, Book,4.062441134564867
649, Cowboy Bebop - Session 2, DVD,4.069137009865617
2646, Arab-Israeli Air Wars 1947-1982 (Osprey Combat Aircraft 23), Book,4.129567081782202
675, Generation Xercise! Debra Minghi's Cardio DJ Club Workout, Video,4.03239052659379
1066, Public Life in Renaissance Florence (Cornell Paperbacks), Book,4.114490214469502
1863, Witness Guide for Deposition or Court, Book,4.282205371975952
1137, Born in the U.S.A.: Bruce Springsteen and the American Tradition, Book,4.022726776206955
1356, The Power of Silence: Social and Pragmatic Perspectives (Language and Language Behavior), Book,4.174598727058967
2322, Forensic Engineering Investigation, Book,4.202275851643581
68, Experiencing and the Creation of Meaning: A Philosophical and Psychological Approach to the Subjective (Studies in Phenomenology and Existential Philosophy), Book,4.239146249119049
1885," Beethoven: Symphonies Nos. 1, 2, 4, 5", Music,4.2291305845809894
1172, Another Page, Music,4.08803520325424
1692, Paris to the Moon, Book,4.270213958945565
1417, Tomatoes from Mars, Book,4.412146935336782
2633, Handbook of Electrostatic Processes, Book,4.118019399170382
1192, Teradata Users Guide: The Ultimate Companion, Book,3.8983391196782726
1523, Introductory Econometrics: A Modern Approach, Book,4.184245908532976
564, Do Re Mi (1999 Broadway Revival Cast), Music,4.164466774695573
2257, Del Amanecer, Music,1.3466313436867132
1072, Tiger on the Brink: Jiang Zemin and China's New Elite, Book,4.079620605846831
1224," How to Make Smart Decisions About Training: Save Money, Time, & Frustration", Book,4.046917182854461
1134, How Many? (Photoflaps), Book,4.201241986942851
2356, Highly parallel computing (The Benjamin/Cummings series in computer science and engineering), Book,4.13248777326206
186," Too Loud, Too Bright, Too Fast, Too Tight:  What to Do If You Are Sensory Defensive in an Overstimulating World", Book,4.313509164931222
881, The Legend of Pfizer, Book,4.256291576984811
1280, Alias Boona, Music,4.090198325207073
2518, Order of the Leech, Music,4.101589978041407
1391, Working in the Dark: Reflections of a Poet of the Barrio, Book,3.9793621972028497
319, Cowboy, Music,3.2763156761363668
861, Karen Voight - Energy Sprint, Video,3.905872077633891
1003, Finding Your Voice : Learning to Lead . . . Anywhere You Want to Make a Difference, Book,4.199435796988414
295, Inventing Criminology: Essays on the Rise of Homo Criminalis (S U N Y Series in Deviance and Social Control), Book,4.04789836765659
907, Face2Face with babies, Video,3.9880877054097574
573, One Flew Over the Cuckoo's Nest, Book,4.2446872078753906
1314," Men and Popular Music in Algeria: The Social Significance of Rai (Modern Middle East Series (Austin, Tex.), No. 20.)", Book,4.171787387667369
1123," Slang and Euphemism: A Dictionary of Oaths, Curses, Insults, Ethnic Slurs, Sexual Slang and Metaphor, Drug Talk, College Lingo, and Related Matters (Signet Reference)", Book,3.854898301310559
2162, The Kitchen Idea Book (Idea Book), Book,4.160499493862719
2245," The Spanish Redemption: Heritage, Power, and Loss on New Mexico's Upper Rio Grande", Book,4.196137139989251
1412, Holiness : Rabbinic Judaism in the Graeco-Roman World (Religion in the First Christian Centuries), Book,4.180274885846902
2216, The Four Books on Architecture, Book,4.1234438812976215
198, Imitation of Christ, Book,3.9713897610157893
2435," Communication for Business and the Professions, 7th edition", Book,4.361851610404106
786, Freedom's Lawmakers: A Directory of Black Officeholders During Reconstruction, Book,4.196925643086988
2022," Essential Fatty Acids in Health & Disease : Using the Essential Fats w3 and w6 to Improve Your Health, Lower Your Cholesterol, and Prevent Cardiovascular Disease", Book,4.065473415979145
2293," In Good Company: The Fast Track from the Corporate World to Poverty, Chastity, and Obedience", Book,4.1162811020899746
85, Amamantar Sencillo y Puro, Book,3.0770369073169235
1309, Freddy's Nightmares: Freddy's Tricks and Treats, Video,3.877159656952788
1360, An Introduction to the Theory of Numbers, Book,4.184496155675877
639," Modern Oral Amdo Tibetan: A Language Primer (Studies in Linguistics and Semiotics, 5)", Book,4.036611024804504
1995, Handbook of Bond Dissociation Energies in Organic Compounds, Book,4.556338220435496
1420, Swords of the Legion (Videssos Cycle), Book,4.166698095714285
682, Mystery Science Theater 3000 - The Brain That Wouldn't Die, DVD,4.095061070654342
354, Clarissa and the Countryman Sally Forth, Book,3.8962727244633335
1850, The Case of the Cheerleading Camp Mystery (The New Adventures of Mary-Kate & Ashley #17), Book,4.089078543754599
1611, Purification of the Mind; Discourses by Abdul Qadir Gilani, Book,4.165486175866963
485, Nova's Ark, Book,4.130460869281851
1392, Mellow Gold [CLEAN VERSION], Music,4.082094355240574
1329, Miracle of Marriage, Book,4.154535063967874
246, One More Night, Music,4.133171765632856
827, Faith in a Mustard Seed, Book,4.128163734340578
1787, Black Stallion and Satan (Black Stallion Series), Book,1.8543920570510046
2634, Paul McCartney Paintings, Book,4.401447265581428
2410, Fundamentals of Mathematics for Health Careers (Health Occupations Series), Book,4.09323547058759
1046, The Three Armadillies Tuff, Book,3.895399755727258
2405," States, Nations and Nationalism: From the Middle Ages to the Present (Making of Europe)", Book,4.199574544941843
2323," A+ Exam Cram 2 (Exam Cram 220-221, Exam Cram 220-222)", Book,4.273694176184595
1087, Peterson's Two-Year Colleges 2003/Four-Year Colleges 2003 (Peterson's Annual Guides to Undergraduate Study), Book,3.472237552500278
1446, Secret Obake Casebook, Book,4.320535826366072
359, Best of Smooth Jazz, Music,4.16065177976461
2205, Functional Genomics: A Practical Approach (Practical Approach Series), Book,4.156547897943515
616, The Best of Fattburger, Music,4.120061246347607
1070, I Believe [Single], Music,4.180985030645761
1899, The Stations of the Cross With Pope John Paul II, Book,3.8186312401796023
2129, The Drive, Video,4.137503894759991
181, Legacy: The Search for Ancient Cultures, Book,3.3217784142665785
1290, Oxford Textbook of Psychopathology, Book,4.114329092330454
2176, Homeopathy: Science or Myth?, Book,3.7077174127122454
264," How to Get Filthy, Stinking Rich and Still Have Time for Great Sex! :  An Entrepreneur's Guide to Wealth and Happiness", Book,4.157969872621354
1176, Sacramental Guidelines: A Companion to the New Catechism for Religious Educators, Book,4.388682277140024
2237, The Promised Land (Modern Library Classics), Book,4.295917033877263
2186, James Taylor: Long Ago and Far Away, Book,4.180254523550989
634," The Classic Dolci of the Italian Jews, A World of Jewish Desserts", Book,3.885421111682067
508, Business Start-up Handbook, Book,4.115876897113967
984, Into the Widening World: International Coming-Of-Age Stories, Book,4.412109703255542
1229, Beethoven & Brahms: Violin Concertos, Music,4.070905945091258
2273, The Soldier's Load and the Mobility of a Nation, Book,4.22280824325836
1063," Indian Idea of Political Resistance: Aurobindo, Tilak, Gandhi, and Ambedkar", Book,4.390849788079922
1065, Eleanor of Aquitaine : A Life, Book,4.095361855728957
942, Even Now [Beemark], Music,4.045330035217976
202, The Go Go Dogs, Book,3.316364737691746
706, A New Owners Guide to Cavalier King Charles Spaniels (New Owner's Guide To...), Book,3.9976356100444583
1730, Lessons from Privilege: The American Prep School Tradition, Book,3.996802472781585
1140, Christmas Joy, Music,4.128772481247015
1829, Introductory Java for Scientists and Engineers, Book,4.453835516187869
489, German : 2nd Ed. (Basic), Book,4.126030220812286
556, Simply Grand, Music,4.360200034440059
892, Fighting For Honor : Japanese Americans and World War II, Book,4.030352466691088
2016, Bridges, Music,4.198011305474413
1395, In Utero [Clean], Music,4.1700686753301035
99, An Employee's Guide to Stock Options, Book,4.344160428635636
2336, Forever, Music,4.226147821524169
2504, As Time Goes By, Music,4.158009042499234
547, The SECRET OF THE BULLS, Book,4.081708520531411
2616, Bill Evans - 19 Arrangements for Solo Piano, Book,4.117468185508901
2071, Top Percussion, Music,4.189950073310829
2570, Looking for St. Tropez, Music,4.128514160679547
515, Jazz Steppin', Music,4.124628348545944
1542, Big Book of Pocket Knives: Identification & Values (Big Book of Pocket Knives), Book,4.146176422543679
1993," Parodias Neo Politicas, Vol. 1", Music,3.996026944683056
2087, Sin Killer, Book,3.390489081579208
752," Schubert, Haydn: Piano Trios; Mozart: Piano Quartet, K. 493", Music,4.023961509593878
635, The Bear: An American Folk Song, Book,3.861560017080283
606, Glory for Sale: Inside the Browns' Move to Baltimore & the New NFL, Book,4.018779907547501
575, Queen's Own Fool : A Novel of Mary Queen of Scots, Book,4.1197262920440245
2389, Joy and Healing, Book,4.2659192314500025
822, The Satanic Verses, Book,4.0038987062868365
1733," A Call to Conscience : The Landmark Speeches of Dr. Martin Luther King, Jr.", Book,3.8395907090431685
1577, Are Dragons Real?, Book,4.19848168188938
2251, Ocular Surface Disease: Medical and Surgical Management, Book,4.328939459744024
825, The Faith Factor : Proof of the Healing Power of Prayer, Book,4.197224664549285
2566, Sin: Radical Evil in Soul and Society, Book,3.9148779498871455
1353," The Duel for France, 1944: The Men and Battles That Changed the Fate of Europe", Book,4.149352441061044
520, Chet Baker Quartet Featuring Russ Freeman, Music,4.06992152118406
974, Soca Stampede: Ultimate Trinidad 1999 Hits, Music,4.2906504174753515
1989, Laughter in the Dark (New Directions Paperbook), Book,4.121782184354661
2118, The Warren Court and the Pursuit of Justice, Book,3.945959754750934
1685, Fold Real Money into Real Cool Origami (Klutz Guides), Book,4.1943896073625275
882, Which Lie Did I Tell? : More Adventures in the Screen Trade, Book,4.302727840861085
1536," Living Pictures, Missing Persons : Mannequins, Museums, and Modernity", Book,4.006307673754382
1179, Temptation Eyes, Music,4.197621560828711
1847, Media and Democracy in Africa, Book,4.19839618949138
1242, Florida's Fabulous Trail Guide (Recreation Series), Book,4.206404226173195
691, Your Amazing Newborn (A Merloyd Lawrence Book), Book,4.435362905607494
1954, The Joy of Pi, Book,3.9239737087594087
320, Intimate Worlds, Book,4.051209938653276
2028," Nikola Tesla - Lectures, Patents, Articles", Book,4.339823819381113
2605, The Mystery of the Lost Village (Boxcar Children Mysteries), Book,3.927416151692487
1616, Arabian Nights, DVD,4.187603966379275
932, Soulshaping: Taking Care of Your Spiritual Life Through Godly Disciplines, Book,4.3272429272997535
2567, Project Orion: The True Story of the Atomic Spaceship, Book,3.9148779498871455
2144, Biochemistry Problem Book, Book,4.044746430885912
2317, Buddy Buddy, Video,4.399482708986202
330, Practical Skywatching (Nature Companion Series), Book,2.9282933226618617
1513, Diana, Music,4.138627590647534
1363, High School Hazing: When Rites Become Wrongs (Single Title: Teen), Book,4.1680390729114585
2394, Ten Lectures on the Interface Between Analytic Number Theory and Harmonic Analysis (Cbms Regional Conference Series in Mathematics), Book,3.9607066157226747
1322, Going to Go-Go / Away We Go-Go, Music,4.325315469657941
396," Botany in a Day:  Thomas J. Elpel's Herbal Field Guide to Plant Families, 4th Ed.", Book,4.224122555424859
222, The World's Easiest Guide to Using the MLA : A User-Friendly Manual for Formatting Research Papers According to the Modern Language Association Style Guide, Book,4.1425691578556645
1361, Dancing on Tisha B'av, Book,4.246325648992329
2583," The Sculptural Imagination: Figurative, Modernist, Minimalist", Book,4.1851301125238685
2064, Pamela's Second Season (Zebra Regency Romance), Book,4.197649707646438
1660, Robert Louis Stevenson's St. Ives, DVD,4.110556302082191
1460, Evil Ascending/ Dark Conspiracy Series, Book,3.985352818565648
118, The Magic School Bus At The Waterworks : (autobus Magico Viaja Por...) (Magic School Bus), Book,4.276186536261751
1141, Emmylou Harris - Queen of Alternative Country: Red Dirt Girl, Book,4.10432249382794
415, How Can I Get Through To You?, Book,3.999520485047274
2554," Glamour and Turbulence: I Remember Pan Am, 1966-91", Book,3.9521827939441643
2480, Shadrach Minkins: From Fugitive Slave to Citizen, Book,4.1487335306534625
437, Sterile Pharmaceutical Packaging: Compatibility and Stability: Technical Report 5, Book,2.376577664059287
901, Royal Courts of the Ancient Maya: Volume 2: Case Studies, Book,3.4151592172153507
554, Trance States in Tongues, Music,4.165593530052181
375, Accounting Procedures: The Recording Process-A Preparer's Perspective, Book,4.541021767722814
2223, Blues Mandolin Man: The Life and Music of Yank Rachell (American Made Music Series), Book,4.17811281477228
1606, People Like Us, Music,4.181625042966605
265, Earth Power: Techniques of Natural Magic (Llewellyn's Practical Magick), Book,4.087455486372821
1532, No Nuts For Me, Book,4.102568871520223
249, Homeschooling for Excellence, Book,4.196452568077891
2445, Coastal Fish Identification: California to Alaska, Book,3.956251109854211
2202, Hiking Lassen Volcanic National Park, Book,4.261165593926567
22, Come What May, Music,6.6558735085067156
133, Bloomfield Blues, Music,4.59411645229457
1963, The Book of the Pomegranate: Moses de Leon's Sefer Ha-Rimmon, Book,4.2962355748571674
1609, How to Find Your Perfect Golf Swing, Book,4.199074934409882
1265, Breathing Under Water, Book,4.133607931827246
789, Sams Teach Yourself FreeBSD in 24 Hours, Book,4.167804664565697
1836, You Need Never Lose At Bridge, Book,4.1569823669192125
2045, Garfield Gets a Life, Book,3.563426776902734
1985, Nurturing Spirituality in Children: Simple Hands-On Activities, Book,3.898819954952476
829, Endangered Island Animals (The Endangered Animals Series), Book,3.891167416401263
1423, NC17, Music,4.174357365764511
1475, A Guide for Using Romeo and Juliet in the Classroom, Book,4.140401261069744
782, Ernest Hemingway - Wrestling With Life, Video,4.221544303533765
1600, A Green History of the World : The Environment and the Collapse of Great Civilizations, Book,4.416261293250759
797, Coast Redwood: A Natural and Cultural History, Book,4.301445981701281
381, 100 Happy Naked New Yorkers, Book,4.28425418875705
2048, Hummers: Hummingbirds of North America (Pocket Nature Guides), Book,4.162239180838387
79, Today's Military Wife: Meeting the Challenges of Service Life (Today's Military Wife), Book,4.22187623095704
2372, Gunsmith Cats: Misty's Run, Book,4.0508479892307925
2358, Gold Rush Days (Hitty), Book,4.029807109908152
1325, Fortunate, Music,4.078943027220621
2534, Creative Paper Techniques for Scrapbooks: More Than 75 Fresh Paper Craft Ideas (Memory Makers), Book,4.162645134892305
500, A-1 Photography Practice Set for Accounting, Book,4.069126010013154
2074, A Trap to Catch Brer Rabbit, Book,4.109504665178438
2316, High Performance Cluster Computing: Architectures and Systems, Book,2.5773888138931262
1214, An Anthology of Beowulf Criticism., Book,4.181111683496258
2513, Dead Heart, DVD,4.1944627215339985
275, Activity Schedules for Children With Autism: Teaching Independent Behavior (Topics in Autism), Book,3.9416033699681954
1507, Meet the Temptations, Music,4.130429714022657
1774, The Depeche Mode Biography and Interview, Music,4.038535797210873
1121, Something, Music,4.044911835115531
1156, Counting Kisses, Book,4.155554337540682
1902," Standard Time, Vol.5: The Midnight Blues", Music,4.41146409055003
1238, Teaching Children How to Pray, Book,4.11462715469148
720, Just David (Whole-Hearted Family Classics Collection) (Whole-Hearted Family Classics Collection), Book,4.1580106324039185
1227, Psychoeducational Assessment of Preschool Children (3rd Edition), Book,3.9259211366800493
1366, Traveling Light 2003 Block Calendar: Releasing the Burdens You Were Never Intended to Bear; The, Book,4.181255111709479
2482," The Saint, Set 4", DVD,4.199182270985634
884, Randomized Algorithms (Cambridge International Series on Parallel Computation), Book,4.049860714646261
377, Systematic Design of CMOS Switched-Current Bandpass Sigma-Delta Modulators for Digital Communication Chips, Book,4.121685487000807
2454, The Mysterious Passover Visitors, Book,4.076924601073504
1762, Marker Rendering (Artist's Library Series/AL24), Book,4.170132264459571
1327, Addiction, Book,4.0184981371296296
1517, Just Like Floss, Book,3.9815334247073544
112, Official Microsoft Image Composer Book, Book,3.678711482368353
2502, Gaelic Voices, Music,4.124479753921069
878," Frommer's Adventure Guides--Central America, 1st Edition (Frommer Other)", Book,4.092789057524019
747, China's Military Faces the Future (Studies on Contemporary China), Book,3.9683125393472416
1193," Grandmothers Are Like Snowflakes...No Two Are Alike : Words of Wisdom, Gentle Advice, & Hilarious Observations", Book,3.8983391196782726
460, Improve Your People Skills, Book,4.237131058303451
841, Daily Math Practice : Grades 6+ (Daily Math Practice), Book,4.00081208175553
623," Junie B., First Grader: Cheater Pants (Junie B. Jones, 21)", Book,4.119895807128874
366, The Book of Secrets, Music,3.946398493736954
898, The National Geographic Traveler: Florida (National Geographic Traveler), Book,4.450920219004988
2526, Breaking Open the Word of God : Resources for Using the Lectionary for Catechesis in the RCIA (Cycle C), Book,4.297967335829217
2290, Let's Wiggle, Music,4.221940994616748
195," Sixteen Scandals: 20 Years of Sex, Lies and Other Habits of Our Great Leaders", Book,4.118631657382625
2292," We're in This Together, Pt. 3", Music,4.2435700891966555
2173," Sobotta Atlas of Human Anatomy: English Text with English Nomenclature, Volume 2", Book,0.9676420812215022
47, How to Kill a Monster (Goosebumps), Book,3.858886370600917
818, The Sas Training Manual, Book,4.161673015997881
2376, Godsdog, Music,3.5658807466986993
646, Hypnosis for Change, Book,4.171560725100765
34," Southern By the Grace of God: Lynyrd Skynyrd Tribute Tour, Vol. 1", Music,3.3575207641650486
1198, Classic Wood Finishing, Book,4.225841154530972
2054, Flight of the Reindeer : The True Story of Santa Claus and his Christmas Mission, Book,4.178645311946955
340, Liszt (Master Musicians Series), Book,4.539992103691279
1809, Task Force Lone Bandit, Book,4.100325030993847
2272, How to Stir-Fry, Book,4.316669057227077
497, Chinese Herbal Secrets: The Key to Total Health, Book,2.637692018386506
2408," Champions in 3-D (Super Hero Role Playing, Stock No. 411)", Book,4.194782417207566
183, Funny Teddy Bear Stickers (Dover Little Activity Books), Book,3.7221745845244847
2472, Hand Rhymes (Picture Puffins), Book,4.249253318693182
2140, Fritz Kreisler - Early Recordings, Music,4.152180200295593
1549," The Total-Body Yoga Workout: Lower Body, Abs, and Upper Body Yoga for Beginners", DVD,4.1993750280848055
2201, Heartbeats: New Songs from Minnesota for the AIDS Quilt Songbook, Music,4.1124327007083
395, Leonard Bernstein (Getting to Know the World's Greatest Composers), Book,3.941681752558768
416, Merry Christmas from Doris Day & Dinah Shore, Music,4.140711027038524
436, Narrative of the Life of Frederick Douglass (Dover Thrift Editions), Book,4.518433686375236
1778, Complete GED Preparation (Complete GED Preparation) (Complete Ged Preparation), Book,4.085595665158767
2218, Feeding the Picky Eater : America's Foremost Baby and Childcare Experts Answer the Most Frequently Asked Questions, Book,4.199119776440771
839, Pleasurecraft, DVD,4.387806077586763
1911, Born into Trouble as the Sparks Fly Upward, Music,4.270183210355103
1218, The Denver JobBank (Adams JobBank), Book,4.063876078455937
1987, Capture the Moment: The Pulitzer Prize Photographs, Book,4.027683359743268
32, Staff Meals from Chanterelle, Book,8.854682627454443
2380, Training Methods That Work: A Handbook for Trainers, Book,4.399269614241607
1211, Statistical Models and Methods for Lifetime Data (Wiley Series in Probability & Mathematical Statistics), Book,4.167436090204806
879, La Mujer de Mi Hermano, Book,4.327001249422754
2563, Beto Jamaica & Os Irmaos Jamaica: Ao Viv, Music,4.1631709090804385
917, The Murder of JFK: Confession of an Assassin, Video,4.33098935204308
182," W.C. Fields, Vol. 1 & 2", DVD,4.531282146254416
1826, His Mother's Son, Book,4.335713276019451
2210, This Gum for Hire: A Chet Gecko Mystery, Book,3.517696873819009
1572, Money for Nothing, Book,4.201708854116109
2643, The Original Thai Cookbook, Book,4.175041209963556
926, Foxes of the Desert: The Story of the Afrikakorps (Luftwaffe Profile Series), Book,3.9807802406977864
417, The Oxford English-Arabic Dictionary of Current Usage, Book,3.7087402096563302
1435, The Islamic World, Book,4.204536398901414
2039," The Russian Revolution, 1917", Book,4.179671076643476
2658, Rising from the Flames: The Experience of the Severely Burned, Book,4.178812366554869
735, The Adventures of Brenda Bender: Bendable Wire Heroine, Book,3.923997426043716
1804, India 1885-1947, Book,4.160642720513952
709, Club Revelation: A Novel, Book,4.015687461304569
871, E-Business Legal Handbook 2002, Book,4.030742923392925
2070, How to Stay Young and Healthy in a Toxic World, Book,4.187576230477621
94, The American Heritage Dictionary of Idioms, Book,1.6949170281916999
580, Kenton in Hi-Fi, Music,4.148261931792295
1349," Three Complete Novels: Cold Fire, Hideaway, Key to Midnight", Book,4.175050800540507
388, National Geographic's Land of the Anaconda, Video,4.124726778608338
2082, All About Blue Crabs: And How to Catch Them, Book,4.080414653202556
2365, Principles of Finance (Dantes Series : No. 46), Book,4.310325167629376
1607, Dark Descent, DVD,4.199141805517147
1263, The Best American Mystery Stories 2001, Book,4.154649019441965
1916, Journey - Greatest Hits Live, Music,4.336023396177698
1396, Immunology at a Glance (At a Glance (Blackwell)), Book,4.090012882982965
795, Verdi: Attila, Music,4.177958981562856
1622, The 108 Skills of Natural Born Leaders, Book,4.199858204958023
1317, Stairway to Heaven: Led Zeppelin Uncensored, Book,4.110224853756652
891, Journey to the Centre of the Eye, Music,3.7258818984530855
1849, 111 Days to Zion, Book,4.571904598338481
263," Practical Survival Tips, Tricks, & Skills", Book,4.157965556289273
2507, The Bible Cure, Book,3.9743137569397824
2133, The Cornea: Second Edition on CD-ROM (For Windows and Macintosh), Book,3.537348754189143
1562, Fun/No Fun, Book,4.016972234425257
2027, Practical Atlas for Bacterial Identification, Book,4.110233389711002
2495, The Hebrew-Greek Key Word Study Bible: King James Version; Burgundy Bonded Leather, Book,4.161044155995828
1017, History of the DC Universe, Book,4.042334527087323
544, Masks of the World, Book,4.091509985201785
2120, Chinese Cooking For Beginners / Cocina China Para Principiantes, Book,4.119159552532128
1747, Be Aware of Scorpions, Music,4.184934520667387
765, Lanechange, Music,4.20122267375044
2609, Wake Me When It's Funny: How to Break into Show Business and Stay There, Book,3.937103909069865
1106," Healthy Massage, Part 3: The Legs and Feet", Video,4.367913135992385
2369, From the Files of Madison Finn: Play it Again - Book #3 (From the Files of Madison Finn), Book,3.3385824035089264
999, Insights to Performance Excellence 2001: An Inside Look at the 2001 Baldridge Award Criteria, Book,3.9494251229420207
1643, Breaking Free : A Prescription for Personal and Organizational Change (Jossey-Bass Business & Management Series), Book,4.191589447934607
1637, The Playaz Court, DVD,4.145551854744131
2167, Medieval Decorative Ornament (Dover Pictorial Archive Series), Book,4.351865202339159
774, Ceol More, Music,3.573791324650788
33," Double Jeopardy (T*Witches, 6)", Book,2.7156584189118753
2220, Heterosexual Plots and Lesbian Narratives (The Cutting Edge : Lesbian Life and Literature), Book,4.035075349989004
1419, Snowboarding Experts: Freeriding--Race--Freestyle, Book,3.837084220011352
2639, Anatomy: A Regional Atlas of the Human Body, Book,4.12542881807261
2180, Microbranding: Build a Powerful Personal Brand and Beat Your Compe, Book,4.262686374903101
444," I Hate Stanford: 303 Reasons Why You Should, Too (I Hate...)", Book,4.199570278775727
327, Do It Yourself! Credit Repair (E-Z Legal Guide), Book,4.23655106761564
1988, The Official Dick Van Dyke Show Book, Book,4.239463763898048
1332, Words Were Originally Magic, Book,4.067868709729257
2169, The Secret Garden (Bantam Classic), Book,4.04031170466968
462, Because of Jesus, Book,4.038489190571031
1482," Rafaello'S Mistress (Harlequin Presents, No. 2217)", Book,4.232470845904832
2229, Danzig 4, Music,4.166092510215581
1120, Table Manners for Kids - Tots to Teens, Video,3.8462748109554106
113, Jesus: A Life, Book,3.488209755265405
1264, Hitchhiker's Guide to Visual Basic and SQL Server, Book,4.155199713878719
2346, Thinking About the Baby: Gender and Transitions into Parenthood (Women in the Political Economy), Book,4.287788479772107
1456, Donde Jugaran Las Niñas?, Music,4.303279302142105
1519, Synthetic Division, Music,3.0971771139986437
998," How to Write a Term Paper (A Speak Out, Write on! Book)", Book,4.079485098016708
837, Desktop Digital Studio (Sound on Sound), Book,4.311723026711807
1858, Hawai`i's Falsetto Returns, Music,3.861619019211876
792, The Best of Paco De Lucia, Music,3.8314211496099553
226, Presentimientos, Book,4.245196028305063
725, Soulful Christmas [Laserlight Box Set], Music,3.1855026281068923
1175, Did My First Mother Love Me?: A Story for an Adopted Child, Book,4.165938910657392
1500," International Tables for Crystallography: Reciprocal Space, Vol. B (International Tables for Crystallography)", Book,4.072186600146697
1010, Barney - Barney's Adventure Bus/Imagination Island, Video,4.056986056295646
2470, Betty Crocker's Expressipes: 100 Great Recipes in 30 Minutes or Less (Betty Crocker Home Library), Book,4.176767695636645
2171," Fly Patterns of Umpqua Feather Merchants: The World's 1,500 Best Flies", Book,3.8392766436187777
1673, What If, Book,3.9073947958777673
651," Film Editing: History, Theory and Practice : Looking at the Invisible", Book,3.9109282266933683
1592, Operating System Concepts With Supplement, Book,4.117156669306073
446, Audubon 365 Birds Page-A-Day Calendar 2002, Book,4.303111423428138
2270, The AIDS-ET Connection, Book,4.149844574870631
2381, Celtic Druids, Book,4.471995291840731
2614, Unspeakable Joy, Music,4.267960742738101
2573, Gel Candles : How to Make & Market Gel Candles That Sell Like Wildfire!, Book,4.116268086479838
1668, Whitney Houston - Greatest Hits, Video,4.200632837972453
258, Hosanna, Book,3.216539786916943
794, Street Fighter III: Third Strike, Music,3.9778351200672866
2487, I Just Shot Myself in the Foot Again, Music,4.198701664548512
1147, Turquoise Boy: A Navajo Legend (Native American Legends), Book,4.1565140653836785
2030, The Seekers : The Story of Man's Continuing Quest to Understand His World, Book,4.286718233907241
1698, Cyberspace Job Search Kit 2001-2002: The Complete Guide to Online Job Seeking and Career Information (Cyberspace Job Search Kit), Book,4.050062159562263
2172, Kalamazoo and Southwest Michigan: Golden Memories (Voices of America) (Voices of America), Book,4.281719744664461
1007, Campfire Tales of Jackson Hole, Book,4.168082231882213
2055," Long Life, Honey in the Heart: A Story of Initiation and Eloquence from the Shores of a Mayan Lake", Book,4.176303663965857
1862, Spartacus - Criterion Collection, DVD,3.7869956938074303
722, American Government: The Essentials, Book,4.152669369308146
2018, Urinary & Fecal Incontinence: Nursing Management, Book,4.111401262085028
1686, Roy Buchanan: American Axe, Book,4.2108825315453124
2101, Crucial Decisions, Book,3.966350891626835
438, One Hundred Years of Solitude (Everyman's Library (Cloth)), Book,3.1983827397347433
2446, Learn Library of Congress Classification, Book,3.9643913183241786
315, Resurrection and Moral Order: An Outline for Evangelical Ethics, Book,4.293112560478949
2282, Johnny Mnemonic (Superbit Collection), DVD,4.452392934450277
1251, Strange Skies: Pilot Encounters With Ufos, Book,4.1867554606747355
1805, Asian Traditions Modern Expressions, Book,4.198086500112911
212, Fiber-Optic Communication Systems, Book,3.372024759612575
2574, Plato: Apology, Book,4.478452812675787
2139, The Enchanted Unicorn (Wanderer Sticker Book), Book,4.194158195291525
122, Cocktail Hour: Lena Horne, Music,4.203840517896229
2151, Fields of Dreams: A Guide to Visiting and Enjoying All 30 Major League Ballparks, Book,4.1238743098456645
2258, Todos Sus Exitos, Music,4.477858208441294
813, Ready-to-Go Reproducibles: Standardized Test Skill Builders for Math (Grades 3-4), Book,0.21730809884084945
2628, Python and Tkinter Programming, Book,4.083881233457792
2311, Internationalization and Localization Using Microsoft .NET, Book,4.151410881478487
2240, Paul Schoenfield's Cafe Music, Music,4.243526257130416
1331, Lindberg & Friends Play Lindberg, Music,4.357884274574335
213, Running, Music,4.501237869516249
232, Review of Veterinary Physiology (The Quick Look Series in Veterinary Medicine), Book,3.9039702015921343
1402, The World of Rosamunde Pilcher, Book,4.064709915920307
1714, The Best Quilts from Thimbleberries: A Collection of 50 Charming Country Quilts and Decorative Accessories, Book,4.382000406875736
455, The Gift of Game, Music,3.9660226395120084
2288, The Tilted Arc Controversy: Dangerous Precedent?, Book,4.11993655519942
1917, SQL Server 2000 Backup and Recovery, Book,4.336023396177698
1709, Legend of the Wolf, Music,4.142944352205152
1083," Eat, Drink, & Be Merry : America's Doctor Tells You Why The Health Experts Are Wrong", Book,4.036763172265214
793, Faded Coat of Blue : A Novel (Abel Jones Mysteries (Paperback)), Book,4.120924186068326
1690, Independent Travellers Greek Island Hopping 2002: The Budget Travel Guide, Book,3.9973645720317883
2560, Profile of a Writer: Marquez - Tales Beyond Solitude, Video,4.839138894371022
1097, Ahma, Music,3.962409952429457
1393, Loney Planet Chicago City Map (City Maps Series), Book,4.0456738070507505
643, Swell Style : A Girl's Guide to Turning Heads (Swell Little Books), Book,3.9985147116497934
976, Dark Continent : Europe's Twentieth Century, Book,4.492070301505439
961, Choice and Consequence, Book,4.206545559651804
